{
    "dataFourLine": [
        {
            "fiber": [
                40.93188666666666,
                41.53821538461538,
                42.1766,
                40.85375555555556,
                42.2286875,
                42.222813333333335,
                42.135106666666665,
                42.10496153846154
            ],
            "moisture": [
                42.52235333333333,
                42.26698461538462,
                42.478275,
                44.005766666666666,
                41.3603375,
                41.31212,
                41.73322,
                41.49173846153846
            ],
            "pol": [
                14.793233333333331,
                14.21696153846154,
                13.360375,
                13.929655555555556,
                13.486225,
                13.5652,
                13.666266666666669,
                13.695607692307693
            ],
            "firstMillExtraction": [
                72.89335333333334,
                74.16583076923077,
                75.059675,
                74.77127777777778,
                76.2900625,
                75.81694666666667,
                76.1747,
                74.00877692307692
            ]
        },
        {
            "fiber": [
                43.60202,
                43.44225384615384,
                43.69228666666667,
                44.07846428571428,
                43.94165,
                44.645125,
                44.014833333333335,
                43.18033076923077
            ],
            "moisture": [
                38.80306,
                38.75268461538462,
                38.0471,
                37.87675,
                38.147575,
                38.0497375,
                38.19030833333333,
                39.85924615384616
            ],
            "pol": [
                12.706306666666666,
                12.988384615384614,
                12.879086666666666,
                12.350421428571428,
                12.721908333333332,
                11.7940875,
                12.791216666666664,
                13.91923846153846
            ],
            "firstMillExtraction": [
                79.19410666666666,
                76.92164615384615,
                78.13688,
                77.58235,
                76.80775833333333,
                77.9885875,
                77.02805,
                73.90237692307693
            ]
        }
    ]
}