{
  "data": [
    {
      "fiber": [
        40.93188666666666,
        41.53821538461538,
        42.1766,
        40.85375555555556,
        42.2286875,
        42.222813333333335,
        42.135106666666665,
        42.10496153846154,
        42.4312,
        41.87388666666666,
        41.61915555555556,
        42.0339,
        42.40504285714286,
        40.908260000000006,
        41.43683333333333,
        42.19234,
        42.10821428571428,
        42.075320000000005,
        42.17713333333334,
        42.37836,
        41.768386666666665,
        40.73483571428572,
        42.523633333333336,
        43.108,
        42.85344166666667,
        43.54655,
        41.634366666666665,
        41.64959230769231,
        42.22788571428571,
        41.870160000000006,
        42.63820714285714,
        43.14838333333333
      ],
      "moisture": [
        42.52235333333333,
        42.26698461538462,
        42.478275,
        44.005766666666666,
        41.3603375,
        41.31212,
        41.73322,
        41.49173846153846,
        40.924420000000005,
        40.48454666666667,
        41.03766666666667,
        41.20025714285714,
        40.84598571428571,
        42.72551333333333,
        42.55533333333334,
        41.087853333333335,
        40.88042142857143,
        40.687713333333335,
        40.52908,
        40.279293333333335,
        41.24104,
        42.53485,
        40.413986666666666,
        38.71761818181818,
        39.27316666666667,
        38.53735,
        40.83936666666667,
        40.67987692307692,
        39.75608571428571,
        40.4474,
        40.16772142857143,
        38.503683333333335
      ],
      "pol": [
        14.793233333333331,
        14.21696153846154,
        13.360375,
        13.929655555555556,
        13.486225,
        13.5652,
        13.666266666666669,
        13.695607692307693,
        13.544213333333332,
        13.5379,
        13.844333333333331,
        13.85505,
        14.106364285714289,
        15.367,
        15.126006666666663,
        13.924293333333331,
        13.950685714285711,
        14.102626666666668,
        14.84112,
        14.568553333333334,
        14.979073333333334,
        16.10184285714286,
        14.428873333333334,
        13.350072727272726,
        13.359333333333334,
        13.837357142857142,
        15.557008333333334,
        15.119292307692309,
        14.64942142857143,
        14.62224,
        13.888292857142858,
        13.19475
      ],
      "firstMillExtraction": [
        72.89335333333334,
        74.16583076923077,
        75.059675,
        74.77127777777778,
        76.2900625,
        75.81694666666667,
        76.1747,
        74.00877692307692,
        76.1238,
        75.05999333333332,
        73.60867777777779,
        76.18122857142858,
        74.85998571428571,
        72.50690666666667,
        72.57264,
        76.39144,
        76.61062857142858,
        74.98694,
        71.72735333333334,
        72.84415333333332,
        73.19624,
        71.93984999999999,
        74.64567333333333,
        76.18437272727273,
        75.48378333333334,
        74.83208571428572,
        72.2681,
        73.40555384615385,
        74.52969285714286,
        73.54656666666666,
        75.84852857142857,
        75.675675
      ]
    },
    {
      "fiber": [
        43.60202,
        43.44225384615384,
        43.69228666666667,
        44.07846428571428,
        43.94165,
        44.645125,
        44.014833333333335,
        43.18033076923077,
        43.2602923076923,
        43.55000714285715,
        43.10174166666667,
        43.6042,
        43.564175,
        43.717430769230766,
        43.58500714285714,
        43.121,
        42.39639230769231,
        43.524,
        43.81098333333333,
        43.96427272727273,
        43.54769166666667,
        42.96751666666666,
        43.1483,
        41.92085555555556,
        42.92464285714285,
        42.54936153846154,
        42.16737142857143,
        42.50122,
        42.41520833333333,
        42.57295384615384,
        42.99072857142857,
        42.861281818181816
      ],
      "moisture": [
        38.80306,
        38.75268461538462,
        38.0471,
        37.87675,
        38.147575,
        38.0497375,
        38.19030833333333,
        39.85924615384616,
        39.60815384615384,
        39.30465,
        39.61925,
        38.83385833333333,
        38.68246666666666,
        38.63227692307692,
        38.62415714285714,
        40.02966666666667,
        40.736030769230766,
        38.59369090909091,
        37.66805,
        38.1478,
        39.078183333333335,
        39.38445,
        39.52091,
        40.83427777777778,
        40.24813571428571,
        40.31715384615385,
        41.05649999999999,
        40.23213,
        40.51205,
        40.40589230769231,
        40.10507142857143,
        40.43632727272728
      ],
      "pol": [
        12.706306666666666,
        12.988384615384614,
        12.879086666666666,
        12.350421428571428,
        12.721908333333332,
        11.7940875,
        12.791216666666664,
        13.91923846153846,
        13.277484615384616,
        12.662485714285712,
        12.933733333333334,
        12.521908333333334,
        12.320625,
        12.312023076923076,
        11.996585714285716,
        12.90744,
        13.777553846153848,
        12.6194,
        11.588333333333331,
        12.132636363636363,
        13.77205,
        13.64345,
        13.8764,
        14.611566666666668,
        14.102407142857142,
        13.944976923076922,
        14.674499999999998,
        13.52486,
        13.127858333333334,
        12.781415384615384,
        12.680357142857144,
        12.421354545454546
      ],
      "firstMillExtraction": [
        79.19410666666666,
        76.92164615384615,
        78.13688,
        77.58235,
        76.80775833333333,
        77.9885875,
        77.02805,
        73.90237692307693,
        75.78903076923076,
        77.81743571428571,
        77.01234166666667,
        78.27610833333334,
        78.25113333333333,
        78.64805384615384,
        79.06702142857144,
        78.19972,
        76.40006923076923,
        77.44847272727272,
        79.39926666666666,
        79.68410909090909,
        76.27356666666667,
        75.82001666666666,
        76.27724,
        75.16465555555556,
        76.89938571428571,
        77.17541538461538,
        76.18875714285714,
        77.17044,
        76.947575,
        77.57254615384615,
        77.73058571428571,
        78.01948181818182
      ]
    }
  ]
}